Ticker,Tipo
AA.US,ACCION
AAL.US,ACCION
AAOI.US,ACCION
AAPL.US,ACCION
AAXJ.US,ETF
ABBV.US,ACCION
ABEV.US,ACCION
ABNB.US,ACCION
ABSI.US,ACCION
ABT.US,ACCION
ACHR.US,ACCION
ACIW.US,ACCION
ACMR.US,ACCION
ACN.US,ACCION
ACWI.US,ETF
ADBE.US,ACCION
ADM.US,ACCION
AEG.US,ACCION
AEM.US,ACCION
AES.US,ACCION
AFL.US,ACCION
AFRM.US,ACCION
AGNC.US,ACCION
AGQ.US,ACCION
AGRO.US,ACCION
AI.US,ACCION
AIG.US,ACCION
ALAB.US,ACCION
ALAR.US,ACCION
ALB.US,ACCION
ALC.US,ACCION
ALGN.US,ACCION
AMD.US,ACCION
AMR.US,ACCION
AMT.US,ACCION
AMX.US,ACCION
AMZN.US,ACCION
ANET.US,ACCION
AOK.US,ETF
AOM.US,ETF
APLD.US,ACCION
APLE.US,ACCION
APO.US,ACCION
APP.US,ACCION
ARCC.US,ACCION
ARCO.US,ACCION
ARE.US,ACCION
ARGT.US,ETF
ARKB.US,ETF
ARKF.US,ETF
ARKG.US,ETF
ARKK.US,ETF
ARM.US,ACCION
ARRY.US,ACCION
ARTY.US,ETF
ARX.US,ACCION
ASAN.US,ACCION
ASC.US,ACCION
ASEA.US,ETF
ASML.US,ACCION
ASTI.US,ACCION
ASTS.US,ACCION
AVGO.US,ACCION
AVPT.US,ACCION
AXIA.US,ACCION
AXP.US,ACCION
AZN.US,ACCION
B.US,ACCION
BA.US,ACCION
BABA.US,ACCION
BAC.US,ACCION
BAK.US,ACCION
BAM.US,ACCION
BB.US,ACCION
BBAI.US,ACCION
BBAR.US,ACCION
BBD.US,ACCION
BCS.US,ACCION
BE.US,ACCION
BEAM.US,ACCION
BEP.US,ACCION
BF.B.US,ACCION
BG.US,ACCION
BHP.US,ACCION
BIDU.US,ACCION
BIIB.US,ACCION
BIL.US,ETF
BIOX.US,ACCION
BITF.US,ACCION
BITO.US,ETF
BITX.US,ETF_APALANCADO
BK.US,ACCION
BKLN.US,ETF
BKR.US,ACCION
BLDP.US,ACCION
BLK.US,ACCION
BLNK.US,ACCION
BLOK.US,ETF
BMA.US,ACCION
BMNR.US,ACCION
BN.US,ACCION
BND.US,ETF
BNDX.US,ETF
BNTX.US,ACCION
BOTZ.US,ETF
BP.US,ACCION
BRK.B.US,ACCION
BROS.US,ACCION
BRZU.US,ETF_APALANCADO
BTDR.US,ACCION
BTG.US,ACCION
BTGD.US,ETF
BTI.US,ACCION
BUD.US,ACCION
BULL.US,ACCION
BWX.US,ETF
BX.US,ACCION
BYD.US,ACCION
BYND.US,ACCION
C.US,ACCION
CAAP.US,ACCION
CAH.US,ACCION
CAN.US,ACCION
CAR.US,ACCION
CAT.US,ACCION
CCJ.US,ACCION
CCL.US,ACCION
CDE.US,ACCION
CDNS.US,ACCION
CEG.US,ACCION
CELH.US,ACCION
CENX.US,ACCION
CEPU.US,ACCION
CGC.US,ACCION
CHIQ.US,ETF
CHRD.US,ACCION
CHTR.US,ACCION
CIBR.US,ETF
CIEN.US,ACCION
CIFR.US,ACCION
CL.US,ACCION
CLS.US,ACCION
CLSK.US,ACCION
CLX.US,ACCION
CMCSA.US,ACCION
CME.US,ACCION
CMG.US,ACCION
CNC.US,ACCION
CNI.US,ACCION
CNQ.US,ACCION
CNXC.US,ACCION
COIN.US,ACCION
COP.US,ACCION
COPX.US,ETF
CORN.US,ETF
CORZ.US,ACCION
COST.US,ACCION
CP.US,ACCION
CPA.US,ACCION
CPNG.US,ACCION
CPRT.US,ACCION
CRCL.US,ACCION
CRDO.US,ACCION
CRESY.US,ACCION
CRM.US,ACCION
CROX.US,ACCION
CRSP.US,ACCION
CRWD.US,ACCION
CSAN.US,ACCION
CSCO.US,ACCION
CSIQ.US,ACCION
CVNA.US,ACCION
CVS.US,ACCION
CVX.US,ACCION
DAL.US,ACCION
DAVA.US,ACCION
DAVE.US,ACCION
DBA.US,ETF
DBC.US,ETF
DDD.US,ACCION
DDOG.US,ACCION
DECK.US,ACCION
DELL.US,ACCION
DEO.US,ACCION
DG.US,ACCION
DIA.US,ETF
DIS.US,ACCION
DIV.US,ETF
DJT.US,ACCION
DKNG.US,ACCION
DLO.US,ACCION
DLR.US,ACCION
DLTR.US,ACCION
DNN.US,ACCION
DOCU.US,ACCION
DOW.US,ACCION
DUOL.US,ACCION
DVN.US,ACCION
EA.US,ACCION
EBAY.US,ACCION
ECH.US,ETF
EDN.US,ACCION
EEM.US,ETF
EGY.US,ACCION
EH.US,ACCION
EL.US,ACCION
ELV.US,ACCION
EMB.US,ETF
EMBJ.US,ACCION
ENB.US,ACCION
ENPH.US,ACCION
EPAM.US,ACCION
EQNR.US,ACCION
ERNA.US,ACCION
ESGU.US,ETF
ET.US,ACCION
ETH.US,ETF
ETHA.US,ETF
ETHE.US,ETF
ETHU.US,ETF_APALANCADO
ETN.US,ACCION
ETOR.US,ACCION
EWG.US,ETF
EWJ.US,ETF
EWU.US,ETF
EWY.US,ETF
EWZ.US,ETF
EWZS.US,ETF
EXK.US,ACCION
EXPE.US,ACCION
F.US,ACCION
FAZ.US,ETF_APALANCADO
FDX.US,ACCION
FFAI.US,ACCION
FIG.US,ACCION
FIGR.US,ACCION
FISV.US,ACCION
FIVE.US,ACCION
FLNC.US,ACCION
FNV.US,ACCION
FPH.US,ACCION
FRPH.US,ACCION
FSLR.US,ACCION
FTNT.US,ACCION
FUBO.US,ACCION
FUTU.US,ACCION
FXE.US,ETF
FXI.US,ETF
FXY.US,ETF
GAIN.US,ACCION
GAMB.US,ACCION
GBIL.US,ETF
GCT.US,ACCION
GDLC.US,ACCION
GDX.US,ETF
GDXJ.US,ETF
GE.US,ACCION
GEHC.US,ACCION
GEV.US,ACCION
GGAL.US,ACCION
GGB.US,ACCION
GILD.US,ACCION
GIS.US,ACCION
GLD.US,ETF
GLL.US,ETF
GLOB.US,ACCION
GLW.US,ACCION
GLXY.US,ACCION
GM.US,ACCION
GME.US,ACCION
GOOD.US,ACCION
GOOG.US,ACCION
GOOGL.US,ACCION
GPN.US,ACCION
GPRK.US,ACCION
GPRO.US,ACCION
GPUS.US,ACCION
GRAB.US,ACCION
GRBK.US,ACCION
GS.US,ACCION
GSAT.US,ACCION
GSBD.US,ACCION
GSG.US,ETF
GT.US,ACCION
HAL.US,ACCION
HD.US,ACCION
HDB.US,ACCION
HDV.US,ETF
HGV.US,ACCION
HHH.US,ACCION
HIMS.US,ACCION
HMC.US,ACCION
HMY.US,ACCION
HODL.US,ACCION
HOG.US,ACCION
HON.US,ACCION
HOOD.US,ACCION
HPE.US,ACCION
HPK.US,ACCION
HPQ.US,ACCION
HRL.US,ACCION
HSY.US,ACCION
HTGC.US,ACCION
HTZ.US,ACCION
HUM.US,ACCION
HUT.US,ACCION
HUYA.US,ACCION
HYG.US,ETF
IAU.US,ETF
IBB.US,ETF
IBIT.US,ETF
IBM.US,ACCION
IBTA.US,ACCION
ICLN.US,ETF
IEF.US,ETF
IEI.US,ETF
IEUR.US,ETF
IGIC.US,ACCION
IGSB.US,ETF
IGV.US,ETF
IIPR.US,ACCION
IJH.US,ETF
IJJ.US,ETF
IJR.US,ETF
IJS.US,ETF
IJT.US,ETF
ILF.US,ETF
ILMN.US,ACCION
IMO.US,ACCION
INDA.US,ETF
INDI.US,ACCION
INDY.US,ETF
INFY.US,ACCION
INTC.US,ACCION
IONQ.US,ACCION
IQ.US,ACCION
IREN.US,ACCION
IRM.US,ACCION
IRS.US,ACCION
ISRG.US,ACCION
ITA.US,ETF
IVE.US,ETF
IVV.US,ETF
IVW.US,ETF
IWF.US,ETF
IWM.US,ETF
IWV.US,ETF
IXN.US,ETF
IXUS.US,ETF
IYR.US,ETF
IYW.US,ETF
JD.US,ACCION
JEPI.US,ETF
JEPQ.US,ETF
JETS.US,ETF
JKS.US,ACCION
JMIA.US,ACCION
JNJ.US,ACCION
JOBY.US,ACCION
JOE.US,ACCION
JOYY.US,ACCION
JPM.US,ACCION
KBWD.US,ETF
KD.US,ACCION
KGC.US,ACCION
KHC.US,ACCION
KMI.US,ACCION
KO.US,ACCION
KOS.US,ACCION
KSPI.US,ACCION
KSS.US,ACCION
KVUE.US,ACCION
LAC.US,ACCION
LAES.US,ACCION
LAR.US,ACCION
LCID.US,ACCION
LI.US,ACCION
LIT.US,ETF
LLY.US,ACCION
LMND.US,ACCION
LMT.US,ACCION
LND.US,ACCION
LOMA.US,ACCION
LQD.US,ETF
LRCX.US,ACCION
LTM.US,ACCION
LTPZ.US,ACCION
LULU.US,ACCION
LUMN.US,ACCION
LUNR.US,ACCION
MA.US,ACCION
MAC.US,ACCION
MAGS.US,ETF
MAIN.US,ACCION
MARA.US,ACCION
MCD.US,ACCION
MCHI.US,ETF
MCHP.US,ACCION
MCO.US,ACCION
MDLZ.US,ACCION
MELI.US,ACCION
META.US,ACCION
MGK.US,ETF
MJ.US,ETF
MLEC.US,ACCION
MMM.US,ACCION
MO.US,ACCION
MOS.US,ACCION
MP.US,ACCION
MRK.US,ACCION
MRNA.US,ACCION
MRSH.US,ACCION
MRVL.US,ACCION
MSCI.US,ACCION
MSFT.US,ACCION
MSI.US,ACCION
MSTR.US,ACCION
MSTU.US,ETF_APALANCADO
MSTX.US,ETF_APALANCADO
MSTY.US,ETF_APALANCADO
MT.US,ACCION
MU.US,ACCION
MUFG.US,ACCION
MUX.US,ACCION
NBIS.US,ACCION
NCLH.US,ACCION
NEE.US,ACCION
NEM.US,ACCION
NEON.US,ACCION
NET.US,ACCION
NFLX.US,ACCION
NGG.US,ACCION
NIO.US,ACCION
NIU.US,ACCION
NKE.US,ACCION
NLY.US,ACCION
NNE.US,ACCION
NNOX.US,ACCION
NOBL.US,ETF
NOV.US,ACCION
NOW.US,ACCION
NTR.US,ACCION
NU.US,ACCION
NUE.US,ACCION
NVAX.US,ACCION
NVD.US,ETF_INVERSO
NVDA.US,ACCION
NVDL.US,ETF_APALANCADO
NVO.US,ACCION
NVS.US,ACCION
NVTS.US,ACCION
NXE.US,ACCION
NXPI.US,ACCION
O.US,ACCION
OCGN.US,ACCION
ODD.US,ACCION
OKLO.US,ACCION
ON.US,ACCION
ONON.US,ACCION
OPEN.US,ACCION
OPFI.US,ACCION
ORCL.US,ACCION
OSCR.US,ACCION
OWL.US,ACCION
OXY.US,ACCION
PAAS.US,ACCION
PAGS.US,ACCION
PALL.US,ETF
PAM.US,ACCION
PANW.US,ACCION
PATH.US,ACCION
PAYC.US,ACCION
PBI.US,ACCION
PBR.US,ACCION
PBYI.US,ACCION
PCAR.US,ACCION
PDD.US,ACCION
PEP.US,ACCION
PFE.US,ACCION
PG.US,ACCION
PHG.US,ACCION
PHK.US,ACCION
PHO.US,ETF
PHUN.US,ACCION
PINS.US,ACCION
PLG.US,ACCION
PLTR.US,ACCION
PLUG.US,ACCION
PM.US,ACCION
POWL.US,ACCION
PPA.US,ETF
PPLT.US,ETF
PSCE.US,ETF
PSEC.US,ACCION
PSKY.US,ACCION
PSP.US,ETF
PSQ.US,ACCION
PTON.US,ACCION
PVH.US,ACCION
PYPL.US,ACCION
QBTS.US,ACCION
QCLN.US,ETF
QCOM.US,ACCION
QMCO.US,ACCION
QQQ.US,ETF
QQQM.US,ETF
QS.US,ACCION
QSR.US,ACCION
QTUM.US,ETF
QUAL.US,ETF
QUBT.US,ACCION
QYLD.US,ETF
RACE.US,ACCION
RBLX.US,ACCION
RBRK.US,ACCION
RCAT.US,ACCION
RCL.US,ACCION
RDDT.US,ACCION
RDW.US,ACCION
REKR.US,ACCION
REMX.US,ETF
RERE.US,ACCION
RGLD.US,ACCION
RGTI.US,ACCION
RIO.US,ACCION
RIOT.US,ACCION
RIVN.US,ACCION
RKLB.US,ACCION
RKT.US,ACCION
ROST.US,ACCION
RR.US,ACCION
RSP.US,ETF
RTX.US,ACCION
RXRX.US,ACCION
S.US,ACCION
SAP.US,ACCION
SATL.US,ACCION
SAVA.US,ACCION
SBET.US,ACCION
SBUX.US,ACCION
SCHD.US,ETF
SCHW.US,ACCION
SE.US,ACCION
SEG.US,ACCION
SERV.US,ACCION
SGOV.US,ETF
SH.US,ETF
SHEL.US,ACCION
SHOP.US,ACCION
SHV.US,ETF
SHY.US,ETF
SHYG.US,ETF
SID.US,ACCION
SIL.US,ETF
SIRI.US,ACCION
SJNK.US,ETF
SKE.US,ACCION
SKY.US,ACCION
SLB.US,ACCION
SLV.US,ETF
SM.US,ACCION
SMCI.US,ACCION
SMH.US,ETF
SMR.US,ACCION
SNAP.US,ACCION
SNDK.US,ACCION
SNDL.US,ACCION
SNOW.US,ACCION
SOC.US,ACCION
SOFI.US,ACCION
SONY.US,ACCION
SOUN.US,ACCION
SOXL.US,ETF_APALANCADO
SOXX.US,ETF
SOYB.US,ETF
SPCE.US,ACCION
SPG.US,ACCION
SPHD.US,ETF
SPLV.US,ETF
SPOT.US,ACCION
SPXL.US,ETF_APALANCADO
SPXS.US,ETF_APALANCADO
SPY.US,ETF
SPYD.US,ETF
SPYG.US,ETF
SPYM.US,ETF
SQM.US,ACCION
SQQQ.US,ETF_INVERSO
SRET.US,ETF
SSO.US,ACCION
SSRM.US,ACCION
STLA.US,ACCION
STM.US,ACCION
STNE.US,ACCION
STRL.US,ACCION
STX.US,ACCION
STZ.US,ACCION
SUPV.US,ACCION
SYM.US,ACCION
SYY.US,ACCION
SYZ.US,ACCION
T.US,ACCION
TAC.US,ACCION
TAP.US,ACCION
TBCH.US,ACCION
TCOM.US,ACCION
TCPC.US,ACCION
TDOC.US,ACCION
TEAM.US,ACCION
TECK.US,ACCION
TEM.US,ACCION
TEO.US,ACCION
TER.US,ACCION
TGS.US,ACCION
TGT.US,ACCION
TIGR.US,ACCION
TJX.US,ACCION
TLH.US,ETF
TLRY.US,ACCION
TLT.US,ETF
TM.US,ACCION
TMDX.US,ACCION
TMF.US,ETF_APALANCADO
TMO.US,ACCION
TMUS.US,ACCION
TORO.US,ACCION
TQQQ.US,ETF_APALANCADO
TRMD.US,ACCION
TS.US,ACCION
TSLA.US,ACCION
TSLL.US,ETF_APALANCADO
TSM.US,ACCION
TTD.US,ACCION
TTWO.US,ACCION
TWST.US,ACCION
TX.US,ACCION
TXG.US,ACCION
U.US,ACCION
UA.US,ACCION
UAA.US,ACCION
UAVS.US,ACCION
UBER.US,ACCION
UBT.US,ACCION
UCO.US,ETF
UDOW.US,ACCION
UEC.US,ACCION
UFO.US,ETF
UGL.US,ETF_APALANCADO
UL.US,ACCION
ULTA.US,ACCION
UNG.US,ETF
UNH.US,ACCION
UNP.US,ACCION
UP.US,ACCION
UPS.US,ACCION
UPST.US,ACCION
URA.US,ETF
URE.US,ETF_APALANCADO
USAR.US,ACCION
USMV.US,ETF
USO.US,ETF
UUP.US,ETF
UUUU.US,ACCION
V.US,ACCION
VALE.US,ACCION
VCIT.US,ETF
VEA.US,ETF
VEGI.US,ETF
VFC.US,ACCION
VG.US,ACCION
VGT.US,ETF
VHT.US,ETF
VICI.US,ACCION
VIG.US,ETF
VIRT.US,ACCION
VIST.US,ACCION
VKTX.US,ACCION
VNQ.US,ETF
VOD.US,ACCION
VOO.US,ACCION
VRSN.US,ACCION
VRT.US,ACCION
VRTX.US,ACCION
VSNT.US,ACCION
VST.US,ACCION
VT.US,ETF
VTI.US,ETF
VUG.US,ETF
VUZI.US,ACCION
VWO.US,ETF
VXX.US,ACCION
VYM.US,ETF
VZ.US,ACCION
WB.US,ACCION
WBD.US,ACCION
WDC.US,ACCION
WEAT.US,ACCION
WEN.US,ACCION
WEX.US,ACCION
WFC.US,ACCION
WGS.US,ACCION
WKEY.US,ACCION
WM.US,ACCION
WMT.US,ACCION
WPC.US,ACCION
WPM.US,ACCION
WU.US,ACCION
WULF.US,ACCION
XAR.US,ETF
XBI.US,ETF
XFOR.US,ACCION
XLB.US,ACCION
XLC.US,ACCION
XLE.US,ETF
XLF.US,ETF
XLI.US,ETF
XLK.US,ETF
XLP.US,ACCION
XLRE.US,ACCION
XLU.US,ETF
XLV.US,ETF
XLY.US,ETF
XME.US,ETF
XOM.US,ACCION
XP.US,ACCION
XPEV.US,ACCION
XRT.US,ETF
XRX.US,ACCION
XSHD.US,ETF
XYZ.US,ACCION
YINN.US,ETF_APALANCADO
YPF.US,ACCION
YUMC.US,ACCION
ZETA.US,ACCION
ZIM.US,ACCION
ZM.US,ACCION
ZROZ.US,ETF
ZS.US,ACCION
ZTS.US,ACCION
AAL.BA,CEDEAR
AAP.BS, CEDEAR
AAPL.BA, CEDEAR
ABBV.BA, CEDEAR
ABEV.BA, CEDEAR
ABEV.BA, CEDEAR
ABNB.BA, CEDEAR
ABT.BA, CEDEAR
ACN.BA, CEDEAR
ACWI.BA, CEDEAR
ADBE.BA, CEDEAR
ADGO.BA, CEDEAR
ADI.BA, CEDEAR
ADP.BA, CEDEAR
AEG.BA, CEDEAR
AEM.BA, CEDEAR
AI.BA, CEDEAR
AIG.BA, CEDEAR
AKO.BA, CEDEAR
ALAB.BA, CEDEAR
AMAT.BA, CEDEAR
AMD.BA, CEDEAR
AMGN.BA, CEDEAR
AMX.BA, CEDEAR
AMZN.BA, CEDEAR
ANF.BA, CEDEAR
ARCO.BA, CEDEAR
ARKK.BA, CEDEAR
ARM.BA, CEDEAR
ASML.BA, CEDEAR
ASTS.BA, CEDEAR
AVGO.BA, CEDEAR
AXIA.BA, CEDEAR
AXP.BA, CEDEAR
AZN.BA, CEDEAR
B.BA, CEDEAR
BA.BA, CEDEAR
BA.BA, CEDEAR
BABA.BA, CEDEAR
BAK.BA, CEDEAR
BB.BA, CEDEAR
BBAS.BA, CEDEAR
BBD.BA, CEDEAR
BBDC.BA, CEDEAR
BBV.BA, CEDEAR
BCS.BA, CEDEAR
BHP.BA, CEDEAR
BIDU.BA, CEDEAR
BIIB.BA, CEDEAR
BIOX.BA, CEDEAR
BITF.BA, CEDEAR
BK.BA, CEDEAR
BKNG.BA, CEDEAR
BKR.BA, CEDEAR
BMNR.BA, CEDEAR
BMY.BA, CEDEAR
BNG.BA, CEDEAR
BP.BA, CEDEAR
BRKB.BA, CEDEAR
BSBR.BA, CEDEAR
BX.BA, CEDEAR
C.BA, CEDEAR
CAAP.BA, CEDEAR
CAH.BA, CEDEAR
CAR.BA, CEDEAR
CAT.BA, CEDEAR
CCL.BA, CEDEAR
CDE.BA, CEDEAR
CEG.BA, CEDEAR
CIBR.BA, CEDEAR
CL.BA, CEDEAR
CLS.BA, CEDEAR
COIN.BA, CEDEAR
COPX.BA, CEDEAR
COST.BA, CEDEAR
CRM.BA, CEDEAR
CRWV.BA, CEDEAR
CSCO.BA, CEDEAR
CSNA.BA, CEDEAR
CVS.BA, CEDEAR
CVX.BA, CEDEAR
CX.BA, CEDEAR
DAL.BA, CEDEAR
DD.BA, CEDEAR
DE.BA, CEDEAR
DECK.BA, CEDEAR
DEO.BA, CEDEAR
DHR.BA, CEDEAR
DIA.BA, CEDEAR
DISN.BA, CEDEAR
DOCU.BA, CEDEAR
DOW.BA, CEDEAR
EA.BA, CEDEAR
EBAY.BA, CEDEAR
EEM.BA, CEDEAR
EFA.BA, CEDEAR
EFX.BA, CEDEAR
ELPC.BA, CEDEAR
EMBJ.BA, CEDEAR
EQNR.BA, CEDEAR
ERIC.BA, CEDEAR
ESGU.BA, CEDEAR
ETHA.BA, CEDEAR
ETSY.BA, CEDEAR
EWJ.BA, CEDEAR
EWZ.BA, CEDEAR
F.BA, CEDEAR
FCX.BA, CEDEAR
FDX.BA, CEDEAR
FNMA.BA, CEDEAR
FSLR.BA, CEDEAR
FXI.BA, CEDEAR
GDX.BA, CEDEAR
GE.BA, CEDEAR
GFI.BA, CEDEAR
GGB.BA, CEDEAR
GILD.BA, CEDEAR
GLD.BA, CEDEAR
GLOB.BA, CEDEAR
GLW.BA, CEDEAR
GM.BA, CEDEAR
GOOGL.BA, CEDEAR
GPRK.BA, CEDEAR
GRMN.BA, CEDEAR
GS.BA, CEDEAR
GT.BA, CEDEAR
HAL.BA, CEDEAR
HAPV.BA, CEDEAR
HD.BA, CEDEAR
HDB.BA, CEDEAR
HHPD.BA, CEDEAR
HL.BA, CEDEAR
HMC.BA, CEDEAR
HMY.BA, CEDEAR
HOG.BA, CEDEAR
HON.BA, CEDEAR
HOOD.BA, CEDEAR
HPQ.BA, CEDEAR
HSY.BA, CEDEAR
HUT.BA, CEDEAR
HWM.BA, CEDEAR
IBB.BA, CEDEAR
IBIT.BA, CEDEAR
IBM.BA, CEDEAR
IBN.BA, CEDEAR
IEMG.BA, CEDEAR
IEUR.BA, CEDEAR
IFF.BA, CEDEAR
IJH.BA, CEDEAR
ILF.BA, CEDEAR
INFY.BA, CEDEAR
ING.BA, CEDEAR
INTC.BA, CEDEAR
IP.BA, CEDEAR
IREN.BA, CEDEAR
ISRG.BA, CEDEAR
ITA.BA, CEDEAR
ITUB.BA, CEDEAR
ITUB.BA, CEDEAR
IVE.BA, CEDEAR
IVV.BA, CEDEAR
IVW.BA, CEDEAR
IWM.BA, CEDEAR
JCI.BA, CEDEAR
JD.BA, CEDEAR
JMIA.BA, CEDEAR
JNJ.BA, CEDEAR
JOYY.BA, CEDEAR
JPM.BA, CEDEAR
KEP.BA, CEDEAR
KGC.BA, CEDEAR
KMB.BA, CEDEAR
KO.BA, CEDEAR
LAC.BA, CEDEAR
LAR.BA, CEDEAR
LLY.BA, CEDEAR
LMT.BA, CEDEAR
LRCX.BA, CEDEAR
LREN.BA, CEDEAR
LVS.BA, CEDEAR
LYG.BA, CEDEAR
MA.BA, CEDEAR
MCD.BA, CEDEAR
MDLZ.BA, CEDEAR
MDT.BA, CEDEAR
MELI.BA, CEDEAR
META.BA, CEDEAR
MFG.BA, CEDEAR
MGLU.BA, CEDEAR
MMM.BA, CEDEAR
MO.BA, CEDEAR
MOS.BA, CEDEAR
MRK.BA, CEDEAR
MRNA.BA, CEDEAR
MRSH.BA, CEDEAR
MRVL.BA, CEDEAR
MSFT.BA, CEDEAR
MSI.BA, CEDEAR
MSTR.BA, CEDEAR
MU.BA, CEDEAR
MUFG.BA, CEDEAR
MUX.BA, CEDEAR
NATU.BA, CEDEAR
NEM.BA, CEDEAR
NFLX.BA, CEDEAR
NG.BA, CEDEAR
NIO.BA, CEDEAR
NKE.BA, CEDEAR
NMR.BA, CEDEAR
NOKA.BA, CEDEAR
NOW.BA, CEDEAR
NTES.BA, CEDEAR
NU.BA, CEDEAR
NUE.BA, CEDEAR
NVDA.BA, CEDEAR
NVS.BA, CEDEAR
NXE.BA, CEDEAR
OKLO.BA, CEDEAR
ORCL.BA, CEDEAR
ORLY.BA, CEDEAR
OXY.BA, CEDEAR
PAAS.BA, CEDEAR
PAC.BA, CEDEAR
PAGS.BA, CEDEAR
PANW.BA, CEDEAR
PATH.BA, CEDEAR
PBR.BA, CEDEAR
PCAR.BA, CEDEAR
PDD.BA, CEDEAR
PEP.BA, CEDEAR
PETR.BA, CEDEAR
PFE.BA, CEDEAR
PG.BA, CEDEAR
PHG.BA, CEDEAR
PINS.BA, CEDEAR
PKS.BA, CEDEAR
PLTR.BA, CEDEAR
PM.BA, CEDEAR
PRIO.BA, CEDEAR
PSQ.BA, CEDEAR
PSX.BA, CEDEAR
PYPL.BA, CEDEAR
QCOM.BA, CEDEAR
QQQ.BA, CEDEAR
RACE.BA, CEDEAR
RBLX.BA, CEDEAR
RENT.BA, CEDEAR
RGTI.BA, CEDEAR
RIO.BA, CEDEAR
RIOT.BA, CEDEAR
RKLB.BA, CEDEAR
ROKU.BA, CEDEAR
ROST.BA, CEDEAR
RTX.BA, CEDEAR
SAN.BA, CEDEAR
SAP.BA, CEDEAR
SATL.BA, CEDEAR
SBUX.BA, CEDEAR
SCCO.BA, CEDEAR
SCHW.BA, CEDEAR
SDA.BA, CEDEAR
SE.BA, CEDEAR
SH.BA, CEDEAR
SHEL.BA, CEDEAR
SHOP.BA, CEDEAR
SID.BA, CEDEAR
SIEGY.BA, CEDEAR
SLB.BA, CEDEAR
SLV.BA, CEDEAR
SMH.BA, CEDEAR
SNA.BA, CEDEAR
SNAP.BA, CEDEAR
SNOW.BA, CEDEAR
SONY.BA, CEDEAR
SPCE.BA, CEDEAR
SPGI.BA, CEDEAR
SPHQ.BA, CEDEAR
SPOT.BA, CEDEAR
SPXL.BA, CEDEAR
SPY.BA, CEDEAR
STLA.BA, CEDEAR
STNE.BA, CEDEAR
SWKS.BA, CEDEAR
T.BA, CEDEAR
TCOM.BA, CEDEAR
TEAM.BA, CEDEAR
TEM.BA, CEDEAR
TEN.BA, CEDEAR
TGT.BA, CEDEAR
TIMB.BA, CEDEAR
TIMS.BA, CEDEAR
TJX.BA, CEDEAR
TM.BA, CEDEAR
TMO.BA, CEDEAR
TMUS.BA, CEDEAR
TQQQ.BA, CEDEAR
TRIP.BA, CEDEAR
TSLA.BA, CEDEAR
TSM.BA, CEDEAR
TTE.BA, CEDEAR
TV.BA, CEDEAR
TWLO.BA, CEDEAR
TXN.BA, CEDEAR
TXR.BA, CEDEAR
UAL.BA, CEDEAR
UBER.BA, CEDEAR
UGP.BA, CEDEAR
UL.BA, CEDEAR
UNH.BA, CEDEAR
UNP.BA, CEDEAR
UPST.BA, CEDEAR
URA.BA, CEDEAR
URBN.BA, CEDEAR
USB.BA, CEDEAR
USO.BA, CEDEAR
V.BA, CEDEAR
VALE.BA, CEDEAR
VALE.BA, CEDEAR
VEA.BA, CEDEAR
VIG.BA, CEDEAR
VIST.BA, CEDEAR
VIV.BA, CEDEAR
VRTX.BA, CEDEAR
VST.BA, CEDEAR
VXX.BA, CEDEAR
VZ.BA, CEDEAR
WBO.BA, CEDEAR
WEGE.BA, CEDEAR
WFC.BA, CEDEAR
WMT.BA, CEDEAR
XLB.BA, CEDEAR
XLC.BA, CEDEAR
XLE.BA, CEDEAR
XLF.BA, CEDEAR
XLI.BA, CEDEAR
XLK.BA, CEDEAR
XLP.BA, CEDEAR
XLRE.BA, CEDEAR
XLU.BA, CEDEAR
XLV.BA, CEDEAR
XLY.BA, CEDEAR
XOM.BA, CEDEAR
XP.BA, CEDEAR
XPEV.BA, CEDEAR
XROX.BA, CEDEAR
XYZ.BA, CEDEAR
YELP.BA, CEDEAR
ZM.BA, CEDEAR
